hit_id,particle_id,tx,ty,tz,tpx,tpy,tpz,weight
16903,873704375040610305,-29.9635,-9.558810000000001,-406.509,-0.18404700000000002,-0.095407,-0.128608,0.0
16943,495401456585674753,-29.078000000000003,-13.5916,-325.207,-0.11386500000000001,0.0224888,0.137231,0.0
17140,711582416300408832,-32.6984,-1.7367299999999999,-262.895,-0.48992299999999994,-0.015930200000000002,-3.90254,0.0
17327,306248829110321152,27.6908,-14.9589,-249.429,2.86557,-1.5578100000000001,-26.7986,0.0
17604,103589457218764800,-34.0037,0.496597,-175.8,-1.37753,0.008508799999999999,-7.04117,0.0
17888,968275569152098304,30.6447,9.110710000000001,-164.525,0.794215,0.245745,-4.1466199999999995,0.0
17901,292744283700592640,30.4453,9.68107,-185.21099999999998,0.282915,0.0797721,-1.80155,0.0
17940,860193095105380352,21.7916,23.541,-153.753,0.234033,0.23761500000000002,-1.5984399999999999,0.0
18159,27043381838348288,-31.8,3.2845699999999995,-162.774,-0.21809099999999998,0.0211829,-1.0413,0.0
18232,680046773548351488,-33.816,1.4597200000000001,-73.7537,-0.843974,0.0469921,-1.88375,0.0
18236,225204789099626496,-30.9601,-6.708539999999999,-111.34200000000001,-0.43011499999999997,-0.267629,-1.7913299999999999,0.0
18679,797140157701554176,31.1227,-6.49958,-80.3806,0.8452270000000001,-0.186819,-2.1409599999999998,0.0
18840,445867083348049920,20.1431,25.1926,-121.257,0.269208,0.321239,-1.50991,0.0
18858,292746688882278400,20.8753,24.8398,-75.6497,0.511672,0.593863,-2.1021799999999997,0.0
18968,648519377133502464,-5.70477,31.311,-94.3741,-0.094592,0.467592,-1.26261,0.0
19211,873711659288363008,-30.4995,-9.525830000000001,-37.3512,-0.470138,-0.15757000000000002,-0.613163,0.0
19309,648527417312280576,-31.8362,-5.7027,-47.7792,-0.556175,-0.0901281,-0.6565350000000001,0.0
19329,571962306636808192,-24.7798,-20.1956,-42.5318,-0.21319200000000002,-0.187109,-0.410884,0.0
19341,117104173111050240,-24.3609,-20.6645,-51.1459,-0.171552,-0.13342,-0.348537,0.0
19600,693557297552556032,-17.1847,-27.1679,-35.2134,-0.119932,-0.169422,-0.27415,0.0
19730,409832170295656448,3.7082800000000002,-32.5336,-17.9391,0.09761339999999999,-0.9570489999999999,-0.373318,0.0
19872,180153193504702464,18.5927,-26.2115,-9.82795,0.338931,-0.461241,-0.372656,0.0
20021,4508066393358336,28.5942,-14.2248,-12.1922,3.97155,-1.98795,-1.68245,0.05330134262392037
20398,549440185331351552,26.4387,18.3383,-1.3432,0.172872,0.132447,-0.027574400000000002,0.0
20518,968278249211691008,23.2583,21.899,-8.24095,0.6609189999999999,0.6090939999999999,-0.0870102,0.0
20572,914234916244291584,20.4561,25.5914,-1.54988,0.439111,0.563954,0.219346,0.0
20617,657526507668766720,13.2615,29.0584,-33.1189,0.683617,1.52381,-1.54894,0.02813424169306755
20630,828665355093147648,19.7873,25.9137,-14.6896,0.232422,0.288535,-0.186436,0.0
21248,391822788307976192,-28.3168,14.8004,-52.0414,-0.236625,0.134568,-0.36272,0.0
21492,495400288337788928,-30.0691,-9.256860000000001,1.9942799999999998,-0.314853,-0.0876623,-0.0187732,0.0
22048,103586914598125568,5.021319999999999,-31.55,34.9994,0.275599,-1.7970099999999998,2.0991299999999997,0.03615698010957934
22156,639516713364226048,20.1726,-24.1365,60.2168,1.15683,-1.39642,3.19601,0.03306621175908499
22204,693555648285114368,29.2474,-11.7288,7.77833,0.318423,-0.11678,0.00469009,0.0
22240,639523791470329856,25.2772,-19.9677,37.7899,0.422986,-0.320877,0.544588,0.0
22300,238697583478833152,26.5026,-17.4246,10.9712,0.314276,-0.194778,0.0637571,0.0
22391,743098611440549888,31.2653,-3.9724199999999996,46.7261,1.42382,-0.191216,2.20289,0.026642531709296736
22526,94581158452396032,31.1142,6.2676,31.0161,0.809319,0.17260799999999998,0.629475,0.0
22583,558452813424754688,26.8562,17.1276,17.317,1.03162,0.645574,0.24840399999999999,0.024980401252369482
22658,382806174484922368,28.1688,15.6582,52.347,0.608036,0.32614299999999996,0.89938,0.0
22785,418844317352722432,15.5708,27.3959,18.7582,0.291569,0.532697,0.280403,0.0
23053,445872031150374912,-9.16661,30.1006,65.0133,-0.0724118,0.209691,0.496098,0.0
23102,558452057510510592,-6.66435,30.9755,35.3968,-0.03961919999999999,0.23106500000000002,0.181916,0.0
23206,364800022312648704,-19.7283,24.5333,58.4608,-0.578778,0.704214,2.0265,0.0
23365,211685331563446272,-27.3122,15.7446,53.575,-0.373026,0.203824,0.680393,0.0
23372,873701901122666496,-29.0534,12.1312,2.73006,-0.268204,0.12225,0.00569616,0.0
23488,864693945953681408,-31.2091,4.9676,51.6063,-0.31193000000000004,0.0406721,0.529328,0.0
23496,535929798766100480,-31.226,4.667669999999999,17.592,-0.293951,0.033222800000000004,0.112751,0.0
23527,671036962953494528,-31.2948,3.4482199999999996,59.5641,-0.8429780000000001,0.0832301,1.66557,0.0
23626,63054311793360896,-23.9949,-21.0743,111.59700000000001,-0.112049,-0.11083299999999999,0.553179,0.0
23677,112592464602206209,-14.6587,-28.3851,122.55,-0.30522,-0.212256,0.285517,0.0
23927,851191737006161920,30.1042,-11.0912,74.2602,0.168418,-0.051621400000000005,0.35703,0.0
24246,418836826929758208,4.24932,31.7455,73.3726,0.112641,0.7694979999999999,1.67975,0.0
24592,630505665818787840,-21.6204,-22.9895,157.548,-1.1603299999999999,-1.21838,8.364289999999999,0.0
24665,954770680144986112,-9.83188,-30.9347,178.99200000000002,-0.118057,-0.40028600000000003,2.4537400000000003,0.0
24954,4518374314868736,5.29286,31.1908,146.267,0.142812,0.782507,3.6777800000000003,0.0
25026,648524874691641344,-14.5014,29.201999999999998,142.643,-0.186918,0.398223,2.05887,0.0
25106,9010016753287168,-31.4116,1.37815,209.217,-0.332456,0.00492048,2.2562599999999997,0.0
25112,427842926672871424,-32.1875,-4.69815,227.15599999999998,-0.722039,-0.0955223,5.07003,0.0
25114,364796036582998016,-31.2308,-7.43427,246.649,-0.5979939999999999,-0.131617,4.9238800000000005,0.0
25227,126102026516955136,4.56184,-32.2351,272.204,0.08149060000000001,-0.5024390000000001,4.18561,0.0
25466,810648551401979904,-30.3505,10.5801,276.85,-0.843297,0.30404899999999996,7.43043,0.0
25776,873704375040610305,-66.7794,-26.0571,-431.079,-0.193976,-0.0743693,-0.126398,0.0
25877,292744283700592640,69.873,19.3914,-434.80400000000003,0.287224,0.058683900000000004,-1.8008,0.0
25901,517930037521956866,59.0909,42.8543,-475.816,0.125317,0.0322962,-0.263025,0.0
25961,27046749092708352,-53.047,50.4353,-455.287,-0.171846,0.185088,-1.7086299999999999,0.0
26138,968275569152098304,68.3848,21.4218,-362.411,0.7871130000000001,0.269298,-4.14593,0.0
26164,860193095105380352,51.5577,51.7834,-350.705,0.249475,0.220658,-1.5979299999999999,0.0
26276,27043381838348288,-71.3149,4.8922099999999995,-351.278,-0.21833200000000003,-0.00311204,-1.04081,0.0
26277,103589457218764800,-71.128,0.425828,-365.523,-1.3775,-0.013960399999999998,-7.0406699999999995,0.0
26621,225204789099626496,-65.7158,-27.1727,-253.94799999999998,-0.442121,-0.24652399999999997,-1.7908400000000002,0.0
26885,445867083348049920,46.5701,54.8223,-264.116,0.287634,0.305329,-1.5092299999999998,0.0
27311,797140157701554176,69.961,-15.6958,-179.112,0.839342,-0.210225,-2.1398200000000003,0.0
27313,180166318924759040,70.3759,-13.0316,-176.942,0.182577,-0.0194313,-0.98614,0.0
27418,292746688882278400,47.5363,54.8134,-183.36700000000002,0.5292640000000001,0.5766020000000001,-2.1021,0.0
27498,648519377133502464,-14.786,70.0316,-199.63400000000001,-0.120967,0.461217,-1.2620799999999999,0.0
27638,680046773548351488,-71.7753,4.05189,-158.42600000000002,-0.8431270000000001,0.0685671,-1.88297,0.0
27650,648527417312280576,-70.3997,-11.1715,-93.1382,-0.559264,-0.0671973,-0.655993,0.0
27662,873711659288363008,-67.6333,-23.0411,-86.2224,-0.46175200000000005,-0.180203,-0.6125109999999999,0.0
27733,117104173111050240,-57.5447,-43.6037,-115.583,-0.185099,-0.11243199999999999,-0.345969,0.0
27735,571962306636808192,-53.4573,-47.3628,-99.9712,-0.19691,-0.20246,-0.41109399999999996,0.0
27756,693557297552556032,-41.1604,-58.1184,-86.8185,-0.135634,-0.157521,-0.273284,0.0
28176,657526507668766720,29.103,65.0053,-69.5996,0.6626529999999999,1.53167,-1.5494,0.019949733588838735
28356,391822788307976192,-62.4383,36.1165,-105.646,-0.22426,0.153659,-0.362005,0.0
28453,495400288337788928,-70.2263,-18.6301,-0.585688,-0.319943,-0.062089,-0.021021,0.0
28712,409832170295656448,7.20056,-71.8732,-33.2668,0.0728447,-0.9588030000000001,-0.372979,0.0
28797,180153193504702464,43.4362,-58.4583,-36.1622,0.359406,-0.44641099999999995,-0.370627,0.0
28864,4508066393358336,64.3754,-32.2646,-27.3862,3.9594699999999996,-2.00975,-1.6836099999999998,0.044773083763730875
29081,968278249211691008,52.9568,48.4957,-12.0018,0.6771149999999999,0.59063,-0.08469810000000001,0.0
29120,549440185331351552,56.7891,44.9712,-6.41113,0.154319,0.15257300000000001,-0.027034199999999998,0.0
29158,828665355093147648,45.7378,55.9092,-34.501999999999995,0.250739,0.272741,-0.185333,0.0
30035,238697583478833152,61.852,-37.7183,18.2224,0.325586,-0.173263,0.0650574,0.0
30065,693555648285114368,68.0464,-24.7701,8.17469,0.324313,-0.0962435,0.00335278,0.0
30131,94581158452396032,69.4539,15.067,60.8619,0.804237,0.196712,0.628054,0.0
30204,558452813424754688,60.4446,37.7014,25.3941,1.04298,0.625386,0.249612,0.020539402581790735
30225,810661676822036480,55.2681,45.6974,39.5094,0.12106600000000001,0.251677,-0.00837596,0.0
30257,914234916244291584,43.7851,56.5192,10.4461,0.42056099999999996,0.576228,0.22162199999999999,0.0
30304,418844317352722432,34.2237,63.1311,37.3495,0.270586,0.542916,0.280037,0.0
30410,558452057510510592,-11.292,70.3704,66.3829,-0.015537200000000001,0.23296999999999998,0.182033,0.0
30588,873701901122666496,-64.5924,30.2311,3.6717199999999997,-0.25608200000000003,0.14418,0.0077305,0.0
30687,535929798766100480,-71.4291,7.62057,32.7295,-0.29543600000000003,0.00921787,0.111425,0.0
30890,103586914598125568,10.8323,-70.9915,81.0357,0.253906,-1.79903,2.09951,0.029729053310575366
30951,639516713364226048,45.9574,-55.7168,132.108,1.1350200000000001,-1.41011,3.19179,0.027775627314851878
30983,639523791470329856,57.4497,-43.2094,78.4498,0.43692700000000007,-0.30246,0.543312,0.0
31050,743098611440549888,72.0179,-9.849089999999999,109.912,1.4193200000000001,-0.21811399999999997,2.20265,0.022379739218769897
31107,382806174484922368,63.7402,34.0291,104.715,0.616879,0.304675,0.9002629999999999,0.0
31392,211685331563446272,-63.6987,34.1135,119.051,-0.383687,0.179843,0.680623,0.0
31425,671036962953494528,-71.8912,6.82027,139.606,-0.8456100000000001,0.05816709999999999,1.6646299999999998,0.0
31435,864693945953681408,-71.959,8.44187,120.81200000000001,-0.312368,0.0134387,0.5297569999999999,0.0
31508,112592464602206209,-49.6418,-50.8717,154.431,-0.319335,-0.19023099999999998,0.28479099999999996,0.0
31688,851191737006161920,68.7856,-20.0243,156.116,0.17106400000000002,-0.0277103,0.357581,0.0
31825,418836826929758208,10.5425,71.5514,160.292,0.132407,0.766718,1.679,0.0
31866,445872031150374912,-23.8389,67.263,153.506,-0.0928596,0.20311500000000002,0.49473599999999995,0.0
31916,364800022312648704,-45.7154,55.2485,147.60399999999998,-0.599588,0.68979,2.0249099999999998,0.0
32049,63054311793360896,-50.284,-50.9537,250.137,-0.0957452,-0.126139,0.552362,0.0
32674,4518374314868736,12.8528,69.9027,329.043,0.163331,0.776806,3.67752,0.0
32706,648524874691641344,-30.3596,65.8075,329.08099999999996,-0.164554,0.408642,2.05787,0.0
32791,630505665818787840,-50.5721,-52.9637,364.667,-1.17755,-1.2015,8.363710000000001,0.0
32810,954770680144986112,-20.0495,-69.2828,413.54400000000004,-0.0961609,-0.40391,2.4535099999999996,0.0
32975,220710741479522304,-20.436,69.3882,357.217,-0.132616,0.31619,0.8674780000000001,0.0
33037,968290481278550016,-51.0917,-49.5383,463.935,-0.396487,-0.551192,3.7876199999999995,0.0
33245,9010016753287168,-71.1259,0.375749,478.39099999999996,-0.332509,-0.0209761,2.25552,0.0
33264,873704375040610305,-108.709,-39.3963,-458.39300000000003,-0.200286,-0.0497569,-0.127439,0.0
33378,180166318924759040,116.626,-14.3918,-424.676,0.184578,0.00862799,-0.9853190000000001,0.0
33403,445867083348049920,77.59100000000001,85.6725,-422.245,0.304768,0.28482399999999997,-1.5092700000000001,0.0
33516,225204789099626496,-105.35600000000001,-47.8161,-411.726,-0.45627799999999996,-0.222344,-1.7896599999999998,0.0
33971,797140157701554176,112.226,-27.0014,-287.42,0.8315879999999999,-0.235569,-2.13965,0.0
34086,648519377133502464,-27.2839,112.24,-316.51599999999996,-0.148278,0.451651,-1.26189,0.0
34605,680046773548351488,-115.63799999999999,8.23767,-256.574,-0.839258,0.09345880000000001,-1.88307,0.0
34621,648527417312280576,-116.103,-15.6748,-146.47899999999998,-0.56228,-0.0417473,-0.654748,0.0
34630,873711659288363008,-108.285,-40.2914,-140.753,-0.450122,-0.20655700000000002,-0.612157,0.0
34654,117104173111050240,-96.4802,-63.8275,-186.261,-0.196261,-0.08663660000000001,-0.346533,0.0
34671,571962306636808192,-83.4554,-81.2568,-166.31599999999997,-0.17560599999999998,-0.219018,-0.411621,0.0
34686,693557297552556032,-72.9106,-90.8059,-146.233,-0.154942,-0.14007999999999998,-0.271911,0.0
35085,391822788307976192,-98.1613,63.238,-165.84900000000002,-0.206188,0.174309,-0.362689,0.0
35545,657526507668766720,46.3754,105.881,-110.691,0.637649,1.54421,-1.54644,0.014322869521524425
35758,666535356207730689,-115.89299999999999,11.4319,-87.1875,0.0810933,-0.17636300000000002,-0.056865099999999995,0.0
35781,495400288337788928,-113.03399999999999,-24.8962,-3.37545,-0.323592,-0.034319699999999995,-0.0207701,0.0
35977,409832170295656448,9.81175,-115.471,-50.2007,0.0443286,-0.960047,-0.372867,0.0
36043,180153193504702464,71.6202,-91.5864,-64.5539,0.379693,-0.426568,-0.37251,0.0
36101,4508066393358336,104.53200000000001,-52.7885,-44.49100000000001,3.94615,-2.03219,-1.68452,0.03624490354704537
36244,549440185331351552,86.0194,76.9776,-11.6453,0.136413,0.16783900000000002,-0.0254561,0.0
36253,968278249211691008,86.3464,76.663,-16.1071,0.6949,0.568829,-0.08455900000000001,0.0
36283,828665355093147648,76.2698,86.6673,-55.9694,0.270282,0.253619,-0.183409,0.0
36432,657537021748707328,-37.0303,109.829,-64.3139,-0.385788,1.0191700000000001,-0.655224,0.0
36935,238697583478833152,100.47,-56.5727,25.7759,0.336329,-0.15031,0.0647915,0.0
36962,693555648285114368,110.333,-35.5141,8.80419,0.330127,-0.07115369999999999,0.00490249,0.0
37060,558452813424754688,98.8452,60.1413,34.4264,1.0564,0.602278,0.247002,0.01609848255471598
37094,914234916244291584,68.9573,92.5214,23.9218,0.398339,0.592349,0.218467,0.0
37104,810661676822036480,73.7178,89.7667,37.9999,0.0941613,0.262178,-0.00843331,0.0
37121,418844317352722432,52.5652,102.182,57.089,0.24305100000000002,0.547962,0.273791,0.0
37325,873701901122666496,-101.814,53.4284,4.926019999999999,-0.24211,0.165401,0.00848513,0.0
37393,535929798766100480,-115.556,7.2054800000000006,49.6442,-0.294166,-0.015475200000000001,0.11239,0.0
37570,103586914598125568,16.7942,-115.73,133.094,0.22697699999999998,-1.80427,2.0974,0.023301126511571395
37658,639523791470329856,94.0333,-67.3329,123.039,0.451617,-0.28257899999999997,0.541315,0.0
37719,94581158452396032,112.551,26.3468,94.6196,0.7972199999999999,0.22252800000000003,0.627151,0.0
37892,558452057510510592,-12.1757,114.99,101.031,0.00863673,0.23090100000000002,0.18010199999999998,0.0
38117,112592464602206209,-89.5912,-72.8531,189.149,-0.331978,-0.16769,0.28333200000000003,0.0
38228,639516713364226048,72.7868,-89.6601,208.523,1.11035,-1.426,3.19276,0.022485042870618754
38284,743098611440549888,114.02600000000001,-16.6925,175.25599999999997,1.41418,-0.243319,2.20266,0.018116946728243058
38323,382806174484922368,102.57,52.2315,160.869,0.627838,0.279534,0.900156,0.0
38511,211685331563446272,-104.353,51.6328,190.46900000000002,-0.392573,0.155231,0.680072,0.0
38543,864693945953681408,-115.635,8.18933,194.743,-0.312987,-0.014912700000000001,0.528818,0.0
38743,851191737006161920,114.21799999999999,-24.0527,251.05,0.17143,-0.00106907,0.357849,0.0
38847,418836826929758208,18.7706,114.436,254.53900000000002,0.159093,0.7606539999999999,1.6785400000000001,0.0
38886,445872031150374912,-45.468999999999994,107.42299999999999,255.24099999999999,-0.116791,0.18829100000000001,0.494933,0.0
38904,364800022312648704,-74.9582,88.1178,245.257,-0.616232,0.672652,2.0251,0.0
38961,671036962953494528,-116.206,9.120510000000001,226.63099999999997,-0.8477870000000001,0.031050400000000002,1.6633799999999999,0.0
39385,63054311793360896,-75.1976,-89.4825,411.89300000000003,-0.0735133,-0.138489,0.55225,0.0
39861,220710741479522304,-35.4629,110.023,466.70099999999996,-0.107397,0.32641,0.866477,0.0
40066,797140157701554176,166.111,-43.2949,-426.57300000000004,0.822558,-0.26597,-2.1389,0.0
40158,648519377133502464,-46.93,164.954,-466.14300000000003,-0.181162,0.43878199999999995,-1.26152,0.0
40600,117104173111050240,-151.786,-82.7833,-279.60200000000003,-0.208879,-0.054445400000000005,-0.344983,0.0
40841,562957924897398786,86.29899999999999,148.184,-344.79699999999997,-0.266522,-0.145596,0.0336172,0.0
40941,648527417312280576,-171.18,-18.1445,-210.3,-0.564529,-0.00853484,-0.653323,0.0
40958,873711659288363008,-158.08100000000002,-65.4678,-209.69,-0.434065,-0.237891,-0.611695,0.0
40999,571962306636808192,-115.899,-127.227,-247.89700000000002,-0.149048,-0.24057800000000001,-0.409387,0.0
41312,391822788307976192,-139.047,102.16,-242.18,-0.18255,0.197034,-0.36282600000000004,0.0
41654,657526507668766720,67.5262,158.464,-163.16,0.607557,1.55516,-1.54694,0.010486403466152669
41908,409832170295656448,11.4941,-171.715,-71.96300000000001,0.0119229,-0.960694,-0.37131,0.0
41970,180153193504702464,110.404,-132.649,-101.586,0.403016,-0.402704,-0.373749,0.0
42119,828665355093147648,118.65700000000001,123.065,-83.3928,0.29131,0.229476,-0.181784,0.0
42235,657537021748707328,-55.8318,162.192,-97.7881,-0.35215599999999997,1.03086,-0.654972,0.0
42383,495400288337788928,-169.072,-27.9649,-7.161410000000001,-0.324648,-0.00120229,-0.0218836,0.0
42611,4508066393358336,154.137,-78.5831,-65.7566,3.92856,-2.06199,-1.68795,0.029848748723655245
42732,968278249211691008,130.627,111.52600000000001,-21.2281,0.715683,0.542194,-0.08103439999999999,0.0
42735,549440185331351552,118.439,123.865,-17.9344,0.108605,0.186123,-0.024046400000000002,0.0
42958,666535356207730689,-154.936,76.0269,-65.5628,0.119644,-0.154315,-0.0557535,0.0
43293,238697583478833152,153.91899999999998,-77.6217,35.6712,0.348483,-0.11872,0.06289199999999999,0.0
43307,693555648285114368,165.358,-45.0627,9.8252,0.334491,-0.0412547,0.00632329,0.0
43385,558452813424754688,147.733,87.1625,45.6537,1.07134,0.5727270000000001,0.244169,0.01332283872472826
43415,914234916244291584,98.9777,139.623,41.0881,0.369162,0.609846,0.21885100000000002,0.0
43431,810661676822036480,89.8808,146.025,36.3479,0.059290699999999995,0.271522,-0.00842748,0.0
43608,873701901122666496,-147.585,88.7369,6.793419999999999,-0.219385,0.191176,0.0103435,0.0
43646,535929798766100480,-170.989,0.704023,70.4533,-0.289319,-0.0506745,0.108454,0.0
43919,94581158452396032,167.683,42.9479,138.241,0.78708,0.255029,0.626526,0.0
43995,418844317352722432,74.1737,154.62,83.2469,0.21198699999999998,0.559012,0.275936,0.0
44308,103586914598125568,23.1473,-170.893,197.19799999999998,0.19103399999999998,-1.8071400000000002,2.09775,0.019283701753507913
44380,639523791470329856,142.502,-95.2587,179.912,0.469434,-0.250259,0.541362,0.0
44650,328764078484889602,-170.33900000000003,12.4478,207.96,0.11425199999999999,0.105591,-0.191527,0.0
44704,112592464602206209,-142.634,-96.8987,233.27900000000002,-0.344984,-0.137594,0.28207600000000005,0.0
44857,743098611440549888,169.233,-26.8959,261.532,1.40686,-0.27727199999999996,2.2027799999999997,0.01491985236034793
44896,382806174484922368,155.298,74.3294,235.739,0.639116,0.25053400000000003,0.899868,0.0
45055,211685331563446272,-156.859,69.8771,280.476,-0.401963,0.122228,0.680479,0.0
45217,238697239898230785,94.5627,-142.811,347.536,0.233114,-0.314815,0.401533,0.0
45222,639516713364226048,106.583,-133.905,306.87,1.08349,-1.4459,3.1924,0.015210440107608218
45443,864693945953681408,-171.162,2.4297299999999997,289.519,-0.307231,-0.0489274,0.52956,0.0
45444,671036962953494528,-171.933,10.1414,335.745,-0.8489399999999999,-0.0009546439999999999,1.6623900000000003,0.0
45656,418836826929758208,31.7027,169.933,377.80800000000005,0.192155,0.7520939999999999,1.67796,0.0
45677,445872031150374912,-79.1177,153.189,384.351,-0.142154,0.165295,0.495684,0.0
45688,364800022312648704,-113.98299999999999,129.21200000000002,370.94800000000004,-0.6410640000000001,0.650134,2.02422,0.0
71342,225204789099626496,-238.933,-98.4771,-915.7180000000001,-0.48928299999999997,-0.137949,-1.7863099999999998,0.0
71443,445867083348049920,192.614,174.22799999999998,-950.8610000000001,0.349729,0.21767399999999998,-1.50748,0.0
71542,707077511019769858,-222.532,-137.658,-837.23,0.182626,0.106725,-0.0762774,0.0
71948,648519377133502464,-84.2292,242.46099999999998,-696.247,-0.225694,0.412188,-1.25986,0.0
72121,797140157701554176,249.392,-73.0749,-645.143,0.808736,-0.317581,-2.13537,0.0
72279,680046773548351488,-258.17900000000003,31.3274,-578.222,-0.823044,0.176348,-1.8816700000000002,0.0
72284,873704375040610305,-259.306,-42.6746,-553.987,-0.197631,0.0399746,-0.130698,0.0
72620,418843767613693954,-259.732,11.5572,-517.508,-0.384754,0.202352,-0.012601399999999999,0.0
72669,571962306636808192,-157.755,-212.78400000000002,-387.20099999999996,-0.0962185,-0.26213600000000004,-0.409462,0.0
72801,328764078484889602,246.43,-80.3705,-409.60400000000004,0.0567805,-0.142629,-0.191423,0.0
72955,391822788307976192,-193.456,174.50099999999998,-364.236,-0.140166,0.22662800000000002,-0.360309,0.0
72994,648527417312280576,-257.362,-15.5105,-309.698,-0.564226,0.041529500000000004,-0.650019,0.0
73007,873711659288363008,-235.166,-113.69200000000001,-321.712,-0.403062,-0.284642,-0.60806,0.0
73377,562957924897398786,-241.96200000000002,93.719,-307.697,-0.298272,0.0453758,0.031456700000000004,0.0
73535,180153193504702464,177.25099999999998,-194.227,-161.653,0.43400900000000003,-0.364289,-0.374637,0.0
73703,657526507668766720,98.7957,242.364,-246.108,0.556513,1.57162,-1.54725,0.008440256779219465
73999,409832170295656448,10.0375,-256.97,-104.73299999999999,-0.0406367,-0.9579559999999999,-0.36892199999999997,0.0
74075,4508066393358336,232.708,-120.456,-99.5804,3.90115,-2.11119,-1.68615,0.01599042638022731
74129,747605990655922177,256.224,-26.6416,-74.4778,0.192103,-0.21046900000000002,-0.0590891,0.0
74187,828665355093147648,193.078,173.483,-127.464,0.31905,0.184174,-0.182186,0.0
74655,495400288337788928,197.105,-171.33900000000003,-34.1514,0.21585300000000002,-0.199443,-0.0260443,0.0
74685,238697583478833152,241.324,-100.521,51.1369,0.359588,-0.0657777,0.0631037,0.0
74714,693555648285114368,259.301,-48.6646,12.0262,0.334559,0.014114600000000001,0.007991100000000001,0.0
74795,968278249211691008,202.952,163.235,-29.1194,0.744961,0.49818100000000004,-0.077292,0.0
74817,549440185331351552,156.079,214.718,-29.9528,0.05287959999999999,0.203999,-0.0296582,0.0
74855,810661676822036480,100.31700000000001,241.447,33.7946,0.00298499,0.27534000000000003,-0.00707559,0.0
75010,873701901122666496,-213.0,157.56799999999998,11.2949,-0.177477,0.22563200000000003,0.0125875,0.0
75080,535929798766100480,-257.95,-23.726999999999997,103.96600000000001,-0.26700100000000004,-0.10184800000000001,0.10753,0.0
75372,558452813424754688,224.22400000000002,126.03399999999999,62.8216,1.09336,0.5273100000000001,0.23976799999999998,0.009714596117949021
75410,914234916244291584,141.338,215.127,67.5382,0.326518,0.63221,0.21458000000000002,0.0
75437,418844317352722432,101.426,237.313,123.385,0.162078,0.573641,0.275084,0.0
75849,94581158452396032,253.18,73.8061,207.202,0.766518,0.307068,0.625572,0.0
75954,558452057510510592,23.0764,260.099,219.24200000000002,0.0925529,0.204753,0.183336,0.0
76128,112592464602206209,-225.27,-123.55799999999999,299.441,-0.356591,-0.0893278,0.28332399999999996,0.0
76219,103586914598125568,31.2071,-258.485,298.913,0.142292,-1.80928,2.09742,0.014061065296726185
76287,639523791470329856,222.09599999999998,-133.06,269.869,0.488454,-0.205246,0.541175,0.0
76338,382806174484922368,237.88,102.73100000000001,350.841,0.652421,0.198209,0.9014280000000001,0.0
76565,864693945953681408,-260.692,-20.4866,446.546,-0.293075,-0.105593,0.526979,0.0
76681,238697239898230785,144.01,-219.84900000000002,441.79699999999997,0.18879400000000002,-0.341634,0.399501,0.0
76685,639516713364226048,158.68200000000002,-205.787,463.92199999999997,1.03719,-1.47783,3.19149,0.009919855663375098
76725,743098611440549888,260.187,-46.4814,404.75300000000004,1.39209,-0.327691,2.20292,0.00799277524148982
76781,418842530663108609,145.609,215.40900000000002,383.908,0.11578900000000002,0.0970813,0.13842000000000002,0.0
77042,693561145860038658,233.479,-107.78399999999999,500.414,0.07016289999999999,-0.141896,0.09980739999999999,0.0
77061,851191737006161920,257.064,11.3585,563.091,0.14668399999999998,0.07871030000000001,0.357234,0.0
77132,418836826929758208,55.8601,253.178,563.679,0.24115599999999998,0.744987,1.6723700000000001,0.0
77164,364800022312648704,-177.80200000000002,190.389,566.929,-0.674561,0.61316,2.02218,0.0
77207,671036962953494528,-260.769,7.10243,509.483,-0.8474290000000001,-0.0539472,1.6601700000000001,0.0
77430,445872031150374912,-150.623,217.054,603.431,-0.178054,0.120574,0.493482,0.0
77444,171141321342328834,-164.295,202.293,602.799,-0.150249,0.0129455,0.0184204,0.0
77927,220710741479522304,-63.9278,254.02700000000002,834.691,-0.028663499999999998,0.343001,0.863266,0.0
78009,63054311793360896,-105.906,-234.612,951.675,0.0115191,-0.15168199999999998,0.550704,0.0
78478,648519377133502464,-141.893,333.103,-984.857,-0.273452,0.379688,-1.25973,0.0
78614,797140157701554176,338.815,-111.601,-884.596,0.7880060000000001,-0.367815,-2.13429,0.0
78747,707077511019765762,-313.96,-181.43099999999998,-818.17,-0.09709580000000001,-0.159548,-0.330133,0.0
78944,680046773548351488,-357.75199999999995,56.4258,-807.791,-0.80696,0.233417,-1.88058,0.0
79196,873704375040610305,-359.517,-5.24826,-623.536,-0.174832,0.09763510000000002,-0.128745,0.0
79301,328764078484889602,251.532,-255.8,-633.7719999999999,-0.048582,-0.143538,-0.191331,0.0
79537,571962306636808192,-181.665,-307.431,-530.6,-0.0393588,-0.276405,-0.408735,0.0
79764,391822788307976192,-237.394,268.288,-504.51599999999996,-0.0862305,0.25396399999999997,-0.358212,0.0
79796,418843767613693954,-350.713,68.3105,-520.607,-0.34946,0.255843,-0.011982799999999998,0.0
79810,648527417312280576,-359.25199999999995,-2.44042,-427.774,-0.555008,0.101296,-0.65045,0.0
79839,873711659288363008,-315.21,-178.05599999999998,-448.423,-0.362452,-0.330426,-0.608592,0.0
80394,657526507668766720,129.958,335.574,-337.32800000000003,0.49870600000000004,1.58859,-1.54825,0.008440256779219465
80490,562957924897398786,-341.774,119.677,-296.877,-0.280169,0.108673,0.0328542,0.0
80593,666535356207730689,-159.49,-328.2,-192.582,-0.122552,-0.14727200000000001,-0.055502300000000004,0.0
80649,180153193504702464,260.556,-256.681,-230.57,0.468955,-0.314363,-0.376225,0.0
80763,828665355093147648,290.063,218.632,-180.429,0.346229,0.124577,-0.181541,0.0
81075,409832170295656448,2.0375,-362.565,-145.486,-0.105616,-0.9520000000000001,-0.369169,0.0
81158,4508066393358336,318.301,-167.51,-136.71,3.87258,-2.1614,-1.6864400000000002,0.01599042638022731
81167,747605990655922177,331.43,-136.829,-102.185,0.12684600000000001,-0.254887,-0.0564943,0.0
81626,495400288337788928,263.10900000000004,-246.21599999999998,-43.0197,0.16883099999999998,-0.239404,-0.026978199999999997,0.0
81672,693555648285114368,357.709,-35.6824,14.3688,0.325287,0.07188480000000001,0.00510019,0.0
81743,968278249211691008,290.60200000000003,217.563,-38.0218,0.777107,0.44476499999999997,-0.0777127,0.0
81774,549440185331351552,166.762,322.615,-45.2688,-0.011154700000000002,0.209275,-0.030158799999999996,0.0
81795,810661676822036480,87.6917,353.059,31.0379,-0.0662501,0.26648099999999997,-0.002942,0.0
81899,873701901122666496,-266.783,243.175,15.6892,-0.12625799999999998,0.256801,0.011224799999999998,0.0
81981,535929798766100480,-353.19800000000004,-72.987,144.395,-0.236258,-0.160322,0.10585499999999999,0.0
82193,238697583478833152,339.38699999999994,-110.354,68.1631,0.36481199999999997,-0.005717,0.0628489,0.0
82242,558452813424754688,315.96,167.497,82.7086,1.11714,0.472179,0.23909,0.007494112511360446
82284,914234916244291584,183.514,306.01099999999997,97.7675,0.271444,0.657097,0.21404499999999999,0.0
82698,418844317352722432,125.005,342.025,172.96900000000002,0.0999042,0.586486,0.27547,0.0
83048,94581158452396032,342.63599999999997,113.366,281.33,0.741387,0.360917,0.62571,0.0
83118,558452057510510592,82.219,352.30800000000005,308.921,0.14713800000000002,0.169492,0.181168,0.0
83253,112592464602206209,-333.413,-140.638,383.841,-0.367739,-0.0239318,0.28079499999999996,0.0
83324,103586914598125568,37.6269,-362.566,419.434,0.0834291,-1.81368,2.09565,0.010847062575472202
83387,639523791470329856,321.559,-168.138,377.621,0.508367,-0.148444,0.540488,0.0
83730,238697239898230785,185.174,-309.409,542.906,0.137654,-0.36199699999999996,0.40115500000000004,0.0
83767,743098611440549888,350.316,-69.5157,548.08,1.37762,-0.380578,2.20237,0.00799277524148982
83800,382806174484922368,333.63199999999995,127.413,481.648,0.6636850000000001,0.140532,0.903083,0.0
83822,418842530663108609,240.332,265.565,482.87800000000004,0.14563900000000002,0.040295300000000006,0.13709200000000002,0.0
83967,864693945953681408,-356.288,-66.2461,626.252,-0.264548,-0.16295199999999999,0.524972,0.0
84049,639516713364226048,216.482,-291.147,646.186,0.9858100000000001,-1.51337,3.19027,0.009919855663375098
84056,693561145860038658,259.42,-257.42400000000004,598.181,-0.019179599999999998,-0.155846,0.0985007,0.0
84228,671036962953494528,-356.245,-2.14683,697.1160000000001,-0.8435809999999999,-0.10993,1.65851,0.0
84600,851191737006161920,349.035,87.4005,820.518,0.107601,0.128211,0.355765,0.0
84640,418836826929758208,91.6846,351.225,786.694,0.294724,0.72449,1.6708900000000002,0.0
84675,445872031150374912,-248.86900000000003,264.32599999999996,855.578,-0.20389000000000002,0.06408530000000001,0.493417,0.0
84677,364800022312648704,-257.92900000000003,258.4,800.262,-0.713774,0.565354,2.02137,0.0
85845,571962306636808192,-176.403,-470.327,-770.436,0.059107400000000004,-0.27202,-0.408461,0.0
86013,391822788307976192,-261.402,423.536,-715.388,0.00523459,0.26823600000000003,-0.357231,0.0
86038,873704375040610305,-487.605,119.631,-739.337,-0.0998558,0.172675,-0.127501,0.0
86079,873711659288363008,-413.027,-284.269,-627.823,-0.28732800000000003,-0.367622,-0.5780430000000001,0.0
86321,648527417312280576,-498.418,34.0818,-593.566,-0.533533,0.18423499999999998,-0.649135,0.0
86528,657526507668766720,167.88299999999998,467.726,-465.181,0.42129799999999995,1.6118,-1.54623,0.008440256779219465
86595,418843767613693954,-467.2,174.825,-524.971,-0.287118,0.323289,-0.011291200000000001,0.0
87091,180153193504702464,377.24,-323.33799999999997,-320.187,0.5101720000000001,-0.242302,-0.374709,0.0
87289,562957924897398786,-461.014,185.821,-281.897,-0.24088099999999998,0.178314,0.0318483,0.0
87368,666535356207730689,-276.717,-416.342,-235.425,-0.175852,-0.0739642,-0.0534174,0.0
87386,409832170295656448,-20.2362,-504.596,-200.916,-0.19078,-0.937393,-0.369358,0.0
87439,4508066393358336,443.624,-239.082,-191.588,3.8269900000000003,-2.23867,-1.6862099999999998,0.01599042638022731
87504,828665355093147648,434.033,251.46,-253.497,0.36501500000000003,0.0383224,-0.181854,0.0
87818,495400288337788928,327.80400000000003,-374.923,-56.3053,0.0888588,-0.27826999999999996,-0.025625799999999997,0.0
87834,747605990655922177,380.26800000000003,-320.595,-140.173,0.019201,-0.282066,-0.056847400000000006,0.0
87914,968278249211691008,411.913,279.789,-49.869,0.813655,0.371515,-0.08079639999999999,0.0
87966,549440185331351552,116.486,485.176,-69.9491,-0.10628599999999999,0.178899,-0.0310585,0.0
88330,693555648285114368,500.796,17.497,16.7378,0.29273000000000005,0.157116,0.00555865,0.0
88420,810661676822036480,18.1867,505.077,29.2041,-0.159216,0.221931,-0.00523939,0.0
88475,873701901122666496,-312.017,395.12800000000004,21.9103,-0.0328123,0.283335,0.011706900000000001,0.0
88713,238697583478833152,490.63699999999994,-93.6809,94.4435,0.353578,0.0850813,0.0627946,0.0
88750,558452813424754688,448.98699999999997,218.28599999999997,110.796,1.14537,0.395475,0.240497,0.007494112511360446
88784,914234916244291584,230.352,442.36400000000003,141.22299999999998,0.190556,0.6836899999999999,0.2154,0.0
88942,535929798766100480,-467.92199999999997,-182.417,203.46900000000002,-0.174966,-0.22456700000000002,0.10503699999999999,0.0
89179,418844317352722432,138.843,485.889,239.97099999999998,0.013760299999999998,0.594375,0.27453099999999997,0.0
89808,94581158452396032,467.889,182.56799999999998,389.99,0.697503,0.436123,0.626749,0.0
89860,558452057510510592,220.891,452.99,448.60699999999997,0.205792,0.0884331,0.18006,0.0
90120,639523791470329856,461.50199999999995,-197.187,523.644,0.5236729999999999,-0.0662312,0.541258,0.0
90352,103586914598125568,40.8803,-499.91,578.043,0.0007174589999999999,-1.8158299999999998,2.09442,0.012454063936099193
90641,238697239898230785,220.893,-445.129,688.832,0.0571251,-0.379918,0.403144,0.0
90674,743098611440549888,484.407,-110.675,764.3380000000001,1.35324,-0.45914799999999995,2.2015599999999997,0.00799277524148982
90700,382806174484922368,477.50300000000004,148.60399999999998,675.4839999999999,0.6752600000000001,0.05554169999999999,0.902789,0.0
91034,671036962953494528,-498.95599999999996,-27.8857,980.08,-0.827736,-0.189197,1.65809,0.0
91045,864693945953681408,-469.785,-159.718,875.9910000000001,-0.212871,-0.223867,0.5250020000000001,0.0
91116,639516713364226048,287.306,-405.08,883.2719999999999,0.9184,-1.55041,3.19161,0.009919855663375098
91315,103587052053864450,202.453,-459.85,1068.05,0.281074,-0.283073,-0.0301754,0.0
91481,571962306636808192,-93.934,-652.943,-1067.3,0.161424,-0.22218600000000002,-0.410106,0.0
91605,391822788307976192,-208.46099999999998,629.1080000000001,-1001.41,0.12466500000000001,0.236342,-0.357077,0.0
91804,873704375040610305,-504.44800000000004,424.649,-943.875,0.0825091,0.178213,-0.13037100000000001,0.0
92055,648527417312280576,-653.086,103.336,-788.725,-0.490371,0.27226500000000003,-0.6512939999999999,0.0
92485,657526507668766720,204.815,628.262,-618.091,0.324751,1.63374,-1.545,0.011509476809619269
92834,418843767613693954,-571.378,327.871,-529.866,-0.193733,0.385423,-0.0137433,0.0
92975,180153193504702464,543.106,-383.76800000000003,-437.514,0.545108,-0.14154,-0.375391,0.0
93225,666535356207730689,-502.665,-424.275,-300.153,-0.18002200000000002,0.060411900000000004,-0.0522648,0.0
93260,409832170295656448,-59.9126,-659.3960000000001,-262.65,-0.283023,-0.9124899999999999,-0.36988699999999997,0.0
93349,828665355093147648,609.564,244.36599999999999,-340.89599999999996,0.359993,-0.0690049,-0.178802,0.0
93468,562957924897398786,-582.1659999999999,314.35400000000004,-262.965,-0.164953,0.248297,0.03464280000000001,0.0
93598,747605990655922177,323.14799999999997,-579.15,-194.063,-0.134069,-0.247745,-0.0553706,0.0
93616,4508066393358336,580.523,-321.168,-252.3,3.7773,-2.32002,-1.6863599999999999,0.020254477166818063
93919,495400288337788928,349.36699999999996,-558.7080000000001,-72.6045,-0.0265364,-0.28957,-0.025723400000000004,0.0
94004,968278249211691008,566.043,340.051,-64.9724,0.848877,0.277769,-0.0831365,0.0
94065,549440185331351552,-113.86200000000001,647.536,-113.234,-0.200348,0.0429719,-0.0352185,0.0
94322,693555648285114368,646.866,131.14700000000002,19.8754,0.225886,0.242689,0.0051979,0.0
94402,810661676822036480,-141.94899999999998,643.3969999999999,25.1984,-0.242414,0.12365899999999999,-0.00952942,0.0
94418,873701901122666496,-291.754,596.538,30.354,0.088519,0.27011,0.0134144,0.0
94648,238697583478833152,657.117,-26.1379,125.648,0.3114,0.185066,0.0663293,0.0
94669,558452813424754688,604.2909999999999,264.985,142.999,1.1730399999999999,0.299971,0.241306,0.008604385772056331
95037,914234916244291584,264.077,609.0980000000001,192.921,0.0897562,0.703544,0.214191,0.0
95176,535929798766100480,-553.094,-354.77,275.01,-0.0716312,-0.274901,0.10368,0.0
95370,418844317352722432,129.83700000000002,644.2130000000001,313.369,-0.0786587,0.58732,0.27734699999999995,0.0
95867,94581158452396032,601.154,277.25,514.643,0.6399729999999999,0.5148550000000001,0.6268050000000001,0.0
96155,558452057510510592,467.333,471.091,652.808,0.21418800000000002,-0.05558380000000001,0.181724,0.0
96308,103586914598125568,37.010999999999996,-656.938,759.294,-0.0891306,-1.81308,2.094,0.018480201073194417
96360,639523791470329856,629.651,-202.71599999999998,696.3739999999999,0.5275920000000001,0.032202999999999996,0.539455,0.0
96558,238697239898230785,223.97,-620.1759999999999,873.7389999999999,-0.042682599999999994,-0.37992,0.403765,0.0
96847,382806174484922368,642.609,150.702,896.023,0.671971,-0.035001300000000006,0.9033389999999999,0.0
97010,103587052053864450,302.15,-586.644,1055.92,0.206225,-0.340084,-0.027907099999999997,0.0
97034,743098611440549888,641.385,-169.74200000000002,1022.96,1.32136,-0.5457069999999999,2.2002599999999997,0.010124171486753238
107676,873711659288363008,-563.308,-598.689,-1063.94,-0.10757,-0.451294,-0.577996,0.0
107824,648527417312280576,-795.4760000000001,199.967,-988.836,-0.43279399999999996,0.356102,-0.6504,0.0
108444,657526507668766720,231.41,785.289,-765.85,0.23116799999999998,1.6465900000000002,-1.54111,0.014834445515009722
108789,873707742294974466,-815.701,-1.19021,-540.8480000000001,-0.686353,0.0751684,-0.42217,0.0
108881,180153193504702464,711.525,-411.465,-551.428,0.561092,-0.0409412,-0.374678,0.0
109001,418843767613693954,-635.8919999999999,519.877,-536.471,-0.07667510000000001,0.422911,-0.0156559,0.0
109179,828665355093147648,807.107,168.83900000000003,-444.745,0.312305,-0.19038,-0.177733,0.0
109365,409832170295656448,-114.76899999999999,-809.209,-324.457,-0.37482600000000005,-0.877867,-0.369095,0.0
109369,747605990655922177,-18.2136,-818.791,-279.611,-0.276331,-0.041476400000000004,-0.060107799999999996,0.0
109416,4508066393358336,710.1569999999999,-402.662,-310.55400000000003,3.7277,-2.3963400000000004,-1.68747,0.02771672333035987
109802,562957924897398786,-656.1089999999999,495.892,-240.19400000000002,-0.0556847,0.292376,0.030261400000000004,0.0
109917,495400288337788928,277.86,-770.658,-92.5077,-0.15137,-0.24717600000000003,-0.0254977,0.0
110004,968278249211691008,722.455,381.875,-80.0515,0.872505,0.186678,-0.0837456,0.0
110278,693555648285114368,759.2689999999999,313.154,23.3526,0.119742,0.30804499999999996,0.00605385,0.0
110340,873701901122666496,-150.037,807.7330000000001,42.6205,0.215063,0.18200999999999998,0.014193299999999999,0.0
110370,810661676822036480,-466.713,676.335,14.1175,-0.262152,-0.0691544,-0.00422867,0.0
110874,238697583478833152,814.5110000000001,109.27600000000001,164.072,0.227539,0.27863499999999997,0.0701918,0.0
110886,558452813424754688,762.837,298.742,175.327,1.19327,0.200682,0.240348,0.012767772873533914
110925,914234916244291584,273.405,774.816,243.183,-0.00944468,0.706518,0.215914,0.0
111470,418844317352722432,89.78,819.5060000000001,397.722,-0.186575,0.5631430000000001,0.273889,0.0
111929,94581158452396032,723.363,388.07800000000003,640.658,0.576732,0.586488,0.622812,0.0
112512,103586914598125568,24.9431,-818.6569999999999,946.477,-0.18178,-1.8017900000000002,2.09164,0.0216942037944484
112570,639523791470329856,802.176,-175.578,875.051,0.51121,0.12992599999999999,0.539374,0.0
112741,238697239898230785,178.137,-799.9730000000001,1071.67,-0.14043,-0.34768699999999997,0.40715500000000004,0.0
112746,103587052053864450,370.167,-736.4580000000001,1044.6,0.12100799999999999,-0.378128,-0.025902800000000004,0.0
113252,657526507668766720,252.595,989.87,-956.5889999999999,0.116549,1.6552099999999998,-1.53567,0.01688051355843893
113679,180153193504702464,934.0889999999999,-401.17400000000004,-700.273,0.556291,0.09196599999999999,-0.370952,0.0
113819,873707742294974466,-1021.33,40.854,-669.617,-0.6621199999999999,0.19701300000000002,-0.41827700000000007,0.0
113912,828665355093147648,1021.33,-54.9725,-598.028,0.173704,-0.318423,-0.181193,0.0
114346,409832170295656448,-213.149,-1001.99,-408.23699999999997,-0.4898,-0.819072,-0.366622,0.0
114389,4508066393358336,879.882,-515.141,-388.094,3.65836,-2.5003,-1.68618,0.03198077411695062
114991,562957924897398786,-605.533,821.622,-206.37599999999998,0.140562,0.261552,0.025911700000000003,0.0
115077,495400288337788928,-249.804,-984.27,-145.123,-0.279096,0.073252,-0.021028599999999998,0.0
115169,968278249211691008,935.553,411.647,-100.251,0.887769,0.0653127,-0.0828176,0.0
115456,693555648285114368,777.451,657.935,30.1966,-0.07476849999999999,0.320919,0.00773334,0.0
115970,558452813424754688,971.028,322.626,216.96900000000002,1.20767,0.0793339,0.235657,0.014988193565319293
115974,238697583478833152,941.9780000000001,398.041,226.99900000000002,0.056472800000000004,0.35381399999999996,0.0724906,0.0
116239,914234916244291584,250.451,990.824,309.776,-0.13261900000000001,0.692978,0.21586599999999997,0.0
116784,418844317352722432,0.0143329,1015.54,497.806,-0.305,0.5067159999999999,0.27546,0.0
117463,94581158452396032,861.688,552.114,803.5060000000001,0.48118999999999995,0.664243,0.623988,0.0
90235,0,-129.64600000000002,483.06300000000005,492.355,-148079.0,681695.0,716494.0,0.0
92791,0,-102.525,654.0880000000001,-515.499,520860.0,845484.0,-117738.0,0.0
109597,0,-60.0595,-819.99,-211.007,-370912.0,-902330.0,-219602.0,0.0
94730,0,-10.4857,660.085,85.838,4220.8,975013.0,222106.0,0.0
116299,0,-775.1389999999999,656.17,268.156,-706065.0,105957.0,700175.0,0.0
116989,0,945.347,384.43199999999996,653.403,172695.0,172383.0,969774.0,0.0
80310,0,355.074,-55.077,-326.448,784664.0,479513.0,-392898.0,0.0
114506,0,-857.4630000000001,561.186,-454.926,-742852.0,503747.0,-440920.0,0.0
93730,0,42.761,659.807,-251.718,707424.0,693688.0,-135452.0,0.0
108682,0,482.514,660.9169999999999,-669.2310000000001,373146.0,195176.0,-907010.0,0.0
85249,0,492.301,82.1139,-1038.26,531549.0,-280862.0,-799107.0,0.0
92411,0,541.251,-385.582,-576.435,189047.0,3248.3,-981963.0,0.0
111612,0,218.46900000000002,-786.738,477.155,73679.1,-934392.0,348544.0,0.0
79062,0,288.027,-211.968,-728.539,797236.0,-459419.0,-391598.0,0.0
113636,0,235.83700000000002,-991.805,-736.2239999999999,577349.0,-427353.0,-695728.0,0.0
43747,0,-34.5629,-167.924,78.6802,-288357.0,-353379.0,889929.0,0.0
113130,0,-631.7959999999999,-801.9010000000001,-909.569,-984218.0,-167533.0,-56995.9,0.0
117119,0,-796.445,-632.19,713.028,-694076.0,-562884.0,448799.0,0.0
116439,0,938.3610000000001,-412.059,447.17699999999996,971051.0,-94040.1,219584.0,0.0
109861,0,-638.743,-517.499,-88.1517,-823699.0,-172940.0,-540012.0,0.0
86087,0,-373.699,-330.4,-585.951,-308334.0,-656913.0,-688037.0,0.0
117739,0,76.4155,1013.68,954.388,-363976.0,817475.0,446381.0,0.0
111469,0,127.367,808.6610000000001,416.82199999999995,576473.0,785660.0,-224538.0,0.0
117865,0,-202.96900000000002,-998.972,1072.29,-124540.0,-992012.0,20056.5,0.0
34183,0,-110.49600000000001,-34.464,-220.453,-538960.0,-120962.0,-833601.0,0.0
108359,0,600.525,-558.118,-730.4730000000001,735239.0,-677076.0,31476.2,0.0
45463,0,-166.813,-39.9609,419.35900000000004,-277379.0,173332.0,944996.0,0.0
25913,0,29.5631,65.3642,-482.14300000000003,305392.0,428958.0,-850136.0,0.0
117690,0,1000.25,207.373,879.472,360764.0,128083.0,923821.0,0.0
30356,0,25.7029,67.9011,47.7379,-103847.0,706521.0,700031.0,0.0
108546,0,-440.051,-691.336,-608.2819999999999,-145751.0,-988266.0,-45673.9,0.0
92074,0,-656.15,-68.7251,-726.085,-842739.0,422463.0,-333641.0,0.0
115852,0,-1016.05,-105.39299999999999,256.39799999999997,-866825.0,-390159.0,310467.0,0.0
25395,0,10.0346,31.4192,227.037,351771.0,347668.0,869129.0,0.0
41922,0,40.6366,-166.946,-70.1751,181600.0,-557789.0,-809872.0,0.0
91981,0,570.2280000000001,337.504,-788.813,709650.0,550745.0,-439405.0,0.0
115444,0,974.456,301.388,-41.123999999999995,815532.0,-403956.0,414399.0,0.0
93139,0,-488.926,441.976,-433.589,-144947.0,749952.0,-645416.0,0.0
111892,0,748.6460000000001,-331.48800000000006,637.14,97795.4,-194709.0,975974.0,0.0
116229,0,584.6659999999999,831.564,256.067,494311.0,456192.0,739963.0,0.0
97088,0,182.062,639.4780000000001,1029.4,-60202.2,-152540.0,986462.0,0.0
116033,0,-429.18800000000005,926.8960000000001,212.13299999999998,-436694.0,877289.0,-199153.0,0.0
85442,0,283.441,-413.856,-963.925,706034.0,-440881.0,-554202.0,0.0
89890,0,56.9326,495.98199999999997,461.787,-249563.0,963620.0,95681.1,0.0
107901,0,363.264,-735.456,-973.382,376497.0,-476621.0,-794407.0,0.0
109855,0,-691.355,-443.121,-143.711,-902506.0,188834.0,-387073.0,0.0
110820,0,416.026,-706.0239999999999,182.905,113204.0,-867742.0,483951.0,0.0
108920,0,713.577,406.39300000000003,-534.561,622423.0,311097.0,-718197.0,0.0
78394,0,83.8425,-349.50199999999995,-1014.68,162391.0,-154448.0,-974564.0,0.0
92412,0,539.207,-387.58,-649.28,192001.0,-84988.0,-977708.0,0.0
96898,0,-134.921,646.803,948.454,-381726.0,855350.0,350230.0,0.0
114326,0,-670.715,-772.183,-384.31699999999995,-494004.0,-122037.0,-860852.0,0.0
115660,0,248.753,-984.535,115.45200000000001,546606.0,-707722.0,-447606.0,0.0
116798,0,-299.075,971.824,538.2230000000001,319432.0,880776.0,349565.0,0.0
113338,0,-456.274,-916.3510000000001,-798.2669999999999,-498835.0,-234902.0,-834257.0,0.0
33408,0,58.6281,100.131,-429.416,363162.0,743516.0,-561513.0,0.0
110610,0,409.95599999999996,712.795,68.3775,563886.0,825608.0,-20087.0,0.0
36672,0,-107.17200000000001,-41.4867,59.5482,-474679.0,-761786.0,-440866.0,0.0
111351,0,209.77700000000002,-797.257,389.596,239105.0,-845384.0,477655.0,0.0
45903,0,166.389,44.62,489.06800000000004,247582.0,427452.0,869476.0,0.0
114118,0,-121.48200000000001,-1008.82,-536.854,443634.0,-733349.0,-515158.0,0.0
43697,0,-141.965,-97.625,71.4034,-210849.0,-248236.0,945474.0,0.0
114312,0,-875.447,-520.288,-366.165,-994859.0,-64328.8,-78219.0,0.0
110257,0,819.587,8.39355,49.8983,709481.0,23288.6,704340.0,0.0
87139,0,495.219,72.1964,-295.579,703390.0,675011.0,222715.0,0.0
40405,0,153.035,76.8619,-361.629,148626.0,120785.0,-981489.0,0.0
71586,0,29.4291,-261.332,-856.4739999999999,-15549.1,-109088.0,-993910.0,0.0
116049,0,-676.825,765.252,169.952,50860.9,992280.0,113105.0,0.0
91221,0,-366.026,340.32,958.7460000000001,113333.0,-110211.0,987426.0,0.0
93440,0,-388.376,533.486,-284.452,42186.1,996886.0,66617.4,0.0
113995,0,-411.173,932.155,-603.8330000000001,-230156.0,818753.0,-525995.0,0.0
112271,0,-719.372,-399.101,790.824,-356986.0,41925.4,933168.0,0.0
116802,0,-367.236,946.549,485.728,320211.0,940663.0,112330.0,0.0
83290,0,-191.892,-303.316,393.195,-404337.0,-893187.0,196798.0,0.0
117428,0,965.7489999999999,-339.43,823.462,360905.0,24650.7,932277.0,0.0
27463,0,24.3471,68.6134,-208.359,282600.0,251689.0,-925629.0,0.0
44072,0,-64.0133,160.579,84.8003,-716970.0,624822.0,309115.0,0.0
115379,0,418.23400000000004,-930.0939999999999,39.9196,250259.0,-886716.0,-388722.0,0.0
78135,0,-192.50099999999998,171.40400000000002,968.015,-342654.0,522145.0,780995.0,0.0
84818,0,353.36199999999997,-60.2713,929.692,745331.0,-364311.0,558353.0,0.0
93701,0,280.074,598.589,-230.34400000000002,295290.0,851426.0,-433449.0,0.0
110824,0,582.9580000000001,-575.557,209.26,923747.0,-382937.0,7103.43,0.0
39787,0,115.249,-3.358,457.705,549024.0,456967.0,699824.0,0.0
96210,0,-162.319,641.427,604.018,-286480.0,620964.0,729611.0,0.0
37559,0,3.3046699999999998,-116.792,102.052,84695.9,-128351.0,988106.0,0.0
90324,0,-251.237,-430.71,648.384,-666160.0,-636404.0,388871.0,0.0
89712,0,-5.63216,-500.649,427.519,131023.0,-330355.0,934718.0,0.0
114901,0,1018.99,3.4781,-250.175,658543.0,79105.8,-748374.0,0.0
93620,0,600.6619999999999,-282.73,-153.789,509798.0,-703867.0,-494648.0,0.0
80139,0,-360.017,-42.1985,-353.50800000000004,-972319.0,226200.0,-58564.4,0.0
111576,0,-501.465,-646.0419999999999,538.3340000000001,-41808.1,-979586.0,196631.0,0.0
109251,0,-76.4409,819.826,-417.333,-458695.0,506841.0,-729871.0,0.0
92054,0,-654.586,98.555,-821.393,-493819.0,-252332.0,-832149.0,0.0
107805,0,-459.625,679.7769999999999,-1057.4,-810008.0,503665.0,-300349.0,0.0
114094,0,-807.393,-625.869,-557.476,-151205.0,-987488.0,-44775.6,0.0
80209,0,-91.6192,-347.991,-352.285,-135353.0,-981443.0,-135826.0,0.0
112447,0,-820.998,-43.751000000000005,963.25,-750285.0,-552062.0,363730.0,0.0
82836,0,-362.212,14.1437,240.113,-821524.0,568130.0,48235.7,0.0
82946,0,-6.633139999999999,-360.75199999999995,287.858,52803.2,-998478.0,-15949.6,0.0
95359,0,217.243,618.828,282.347,-68506.2,394304.0,916423.0,0.0
108765,0,-712.2139999999999,404.86,-574.195,-175432.0,18879.2,-984310.0,0.0
94829,0,-628.261,-197.012,194.19299999999998,-891390.0,276699.0,-358972.0,0.0
108315,0,-382.119,-725.69,-684.493,-59507.7,-156930.0,-985815.0,0.0
34708,0,-51.431000000000004,-104.927,-178.313,121450.0,-460101.0,-879521.0,0.0
110173,0,-530.5830000000001,-628.065,8.667119999999999,-875597.0,-403583.0,265425.0,0.0
85788,0,-313.772,387.55,-829.633,-296438.0,502038.0,-812454.0,0.0
94406,0,-215.7,627.955,-53.2694,-619195.0,785139.0,-12430.2,0.0
44230,0,-138.425,-103.64399999999999,195.636,-307940.0,-901233.0,304881.0,0.0
21734,0,-15.8598,-27.2567,51.1558,-71762.1,-153212.0,985584.0,0.0
89156,0,279.197,414.19300000000004,191.12900000000002,558128.0,823080.0,-105034.0,0.0
33854,0,-64.9449,-95.4152,-324.855,66522.3,118415.0,-990733.0,0.0
32932,0,61.4502,40.6846,373.97900000000004,763401.0,97100.2,638585.0,0.0
40784,0,169.89,24.8974,-283.738,558164.0,437997.0,-704707.0,0.0
112448,0,-817.242,-13.5725,976.262,-826564.0,-331047.0,455193.0,0.0
114070,0,-972.138,-297.132,-465.566,-402498.0,-495932.0,-769446.0,0.0
112585,0,786.705,218.703,959.061,461795.0,740833.0,487761.0,0.0
114352,0,-4.66674,-1024.12,-385.097,459963.0,-864842.0,-201201.0,0.0
43736,0,-76.2668,-153.872,107.119,-212113.0,-160334.0,964003.0,0.0
34209,0,-95.2338,-64.5733,-227.322,-466134.0,-774864.0,-426972.0,0.0
41627,0,118.07,124.156,-150.451,131075.0,50074.1,-990107.0,0.0
89960,0,-465.95599999999996,195.885,413.796,-356478.0,102629.0,928650.0,0.0
94493,0,-643.715,-133.866,89.0749,-811860.0,500367.0,-300859.0,0.0
114574,0,-239.18200000000002,-988.48,-349.29900000000004,140627.0,-966203.0,-216045.0,0.0
117376,0,-85.7692,-1021.13,839.28,-124681.0,-299074.0,946050.0,0.0
41340,0,-170.415,16.3605,-272.717,-190164.0,241143.0,-951676.0,0.0
16947,0,-33.609,-0.632263,-309.711,-371311.0,-53122.5,-926988.0,0.0
114980,0,-387.60699999999997,944.561,-195.465,-769026.0,636882.0,-54599.9,0.0
38852,0,2.8772900000000003,115.708,239.736,-64748.2,421293.0,904610.0,0.0
18611,0,30.0189,-10.1276,-108.685,267074.0,-461491.0,-845989.0,0.0
115271,0,-831.403,584.84,-56.8478,-636862.0,765943.0,-87970.1,0.0
